순,이름,연도,WAR*,G,타석,타수,득점,안타,2타,3타,홈런,루타,타점,도루,도실,볼넷,사구,고4,삼진,병살,희타,희비,타율,출루,장타,OPS,wOBA,wRC+,WAR*,WPA
110,LG,00,24.87,1660,5271,4532,687,1239,227,22,122,1876,647,97,43,553,55,21,805,93,84,46,.273,.356,.414,.770,.342,100.8,24.87,
270,SK,00,15.12,1722,5111,4492,602,1167,193,23,105,1721,566,67,44,429,77,6,858,107,77,35,.260,.332,.383,.716,.321,86.6,15.12,
25,두산,00,32.18,1636,5213,4590,694,1325,205,21,150,2022,661,115,29,475,58,10,684,120,43,47,.289,.359,.441,.800,.356,110.2,32.18,
240,롯데,00,16.87,1747,5178,4557,603,1186,206,26,104,1756,553,92,48,449,66,19,831,93,82,24,.260,.334,.385,.719,.321,87.0,16.87,
75,삼성,00,27.09,1574,5212,4546,744,1223,246,15,177,2030,708,81,37,496,80,23,967,97,47,43,.269,.348,.447,.795,.350,105.9,27.09,
76,한화,00,27.07,1796,5203,4600,680,1270,265,14,180,2103,655,78,49,449,66,19,997,130,45,43,.276,.346,.457,.803,.352,107.5,27.07,
291,해태,00,12.64,1583,5176,4511,588,1137,216,13,86,1637,537,113,53,527,40,16,866,107,64,33,.252,.333,.363,.696,.315,83.1,12.64,
4,현대,00,38.53,1633,5240,4478,777,1245,246,25,208,2165,736,104,56,548,94,19,905,87,74,46,.278,.365,.483,.849,.369,119.2,38.53,
164,LG,01,21.70,1803,5319,4521,669,1247,219,24,85,1769,630,96,58,590,52,24,759,100,114,41,.276,.363,.391,.754,.342,95.1,21.70,
285,SK,01,13.97,1723,5077,4400,596,1143,215,11,113,1719,555,123,59,457,71,23,770,95,122,26,.260,.337,.391,.728,.327,84.7,13.97,
68,두산,01,27.30,1654,5303,4583,732,1266,221,26,130,1929,688,132,34,560,60,27,697,116,54,46,.276,.359,.421,.780,.353,102.1,27.30,
65,롯데,01,27.54,1747,5308,4521,718,1265,247,24,121,1923,671,106,53,585,60,39,817,89,82,60,.280,.366,.425,.791,.354,103.3,27.54,
61,삼성,01,27.89,1650,5280,4553,739,1262,244,21,162,2034,695,73,44,520,95,27,814,111,69,42,.277,.360,.447,.807,.360,106.8,27.89,
105,한화,01,25.55,1807,5259,4556,659,1255,211,15,148,1940,628,135,65,549,45,28,877,106,75,34,.275,.357,.426,.783,.351,101.1,25.55,
117,해태/KIA,01,24.45,1702,5189,4542,683,1263,221,17,142,1944,637,92,63,497,56,21,774,129,51,43,.278,.353,.428,.782,.352,101.6,24.45,
106,현대,01,25.44,1653,5225,4445,711,1192,166,20,169,1905,667,99,55,598,76,14,911,109,77,29,.268,.363,.429,.791,.356,104.6,25.44,
58,KIA,02,28.11,1687,5200,4575,643,1230,220,14,120,1838,611,155,39,454,91,32,914,107,45,35,.269,.344,.402,.746,.331,101.9,28.11,
191,LG,02,20.25,1752,5121,4492,583,1173,212,22,100,1729,541,140,63,412,86,29,951,91,93,37,.261,.332,.385,.717,.316,91.0,20.25,
79,SK,02,26.92,1737,5090,4475,618,1207,204,27,158,1939,587,80,55,385,100,15,815,94,96,34,.270,.339,.433,.772,.336,105.2,26.92,
176,두산,02,21.04,1693,5083,4498,587,1173,174,21,130,1779,556,106,42,434,58,17,794,107,47,46,.261,.331,.396,.726,.322,95.2,21.04,
309,롯데,02,8.23,1757,4986,4512,463,1105,206,19,85,1604,443,76,63,324,78,14,978,75,49,22,.245,.305,.356,.661,.295,76.7,8.23,
5,삼성,02,38.22,1599,5304,4648,777,1321,266,16,191,2192,731,47,29,469,97,26,804,116,55,34,.284,.360,.472,.831,.362,122.7,38.22,
152,한화,02,22.50,1791,5062,4491,603,1148,206,10,170,1884,570,94,65,446,49,22,1064,106,52,22,.256,.328,.420,.748,.328,99.6,22.50,
85,현대,02,26.60,1748,5140,4444,658,1160,191,25,173,1920,643,79,50,464,99,26,945,82,99,34,.261,.342,.432,.774,.336,105.2,26.60,
93,KIA,03,26.26,1657,5127,4448,657,1211,219,16,129,1849,626,146,67,505,42,18,721,72,94,37,.272,.349,.416,.765,.340,101.8,26.26,
286,LG,03,13.46,1694,4964,4375,509,1088,188,29,106,1652,485,135,62,404,70,11,781,90,74,40,.249,.320,.378,.697,.313,82.2,13.46,
102,SK,03,25.84,1656,5157,4445,644,1208,209,16,156,1917,612,82,57,464,89,10,763,87,127,32,.272,.350,.431,.781,.344,104.8,25.84,
179,두산,03,20.73,1702,5165,4536,563,1251,205,21,90,1768,541,58,36,452,62,17,706,121,63,52,.276,.346,.390,.736,.332,96.0,20.73,
297,롯데,03,11.19,1656,4987,4465,491,1143,232,18,73,1630,451,84,66,338,73,11,848,75,83,28,.256,.317,.365,.682,.307,78.5,11.19,
9,삼성,03,37.22,1501,5241,4564,769,1295,236,14,213,2198,744,56,32,481,85,19,661,131,73,38,.284,.360,.482,.842,.369,121.3,37.22,
189,한화,03,20.36,1739,5198,4458,577,1131,218,20,121,1752,521,78,57,542,75,22,887,89,102,21,.254,.343,.393,.736,.330,94.4,20.36,
8,현대,03,37.50,1648,5313,4483,723,1280,208,15,175,2043,673,75,48,543,109,23,727,100,139,38,.286,.374,.456,.829,.363,117.7,37.50,
51,KIA,04,28.86,1685,5190,4426,643,1182,224,9,143,1853,610,127,54,549,79,22,693,118,82,54,.267,.354,.419,.773,.349,106.5,28.86,
218,LG,04,18.50,1753,5081,4432,588,1150,176,24,102,1680,554,69,48,441,95,18,892,89,73,40,.259,.337,.379,.716,.328,91.7,18.50,
100,SK,04,25.97,1728,5254,4499,655,1223,196,9,138,1851,626,50,47,521,93,24,818,98,105,35,.272,.357,.411,.768,.347,105.4,25.97,
167,두산,04,21.46,1674,5109,4485,606,1200,202,19,89,1707,573,71,59,433,96,12,780,86,55,40,.268,.342,.381,.723,.333,95.4,21.46,
266,롯데,04,15.36,1661,5075,4462,533,1125,195,21,88,1626,500,129,46,416,92,15,853,99,74,31,.252,.327,.364,.691,.317,84.8,15.36,
84,삼성,04,26.73,1553,5170,4509,641,1215,225,9,132,1854,600,50,32,460,86,22,704,122,84,31,.269,.346,.411,.757,.343,102.2,26.73,
119,한화,04,24.40,1729,5150,4519,632,1213,245,17,140,1912,605,82,58,456,54,14,923,107,88,33,.268,.340,.423,.764,.343,102.5,24.40,
26,현대,04,31.88,1692,5322,4480,692,1233,190,13,134,1851,653,100,45,607,86,29,871,109,111,38,.275,.370,.413,.783,.354,110.1,31.88,
204,KIA,05,19.51,1564,4848,4234,541,1102,183,13,99,1608,507,101,43,430,74,24,718,101,79,31,.260,.337,.380,.717,.326,95.3,19.51,
153,LG,05,22.48,1612,4785,4222,601,1098,189,21,105,1644,554,149,45,349,93,12,915,72,80,41,.260,.327,.389,.717,.324,94.1,22.48,
109,SK,05,25.13,1631,4984,4230,589,1139,174,12,122,1703,559,101,54,495,85,27,806,88,136,38,.269,.355,.403,.757,.339,104.6,25.13,
161,두산,05,21.79,1665,4922,4256,596,1147,183,17,63,1553,558,103,50,465,85,14,701,93,81,35,.270,.351,.365,.715,.330,97.9,21.79,
252,롯데,05,16.20,1607,4722,4177,500,1058,202,23,83,1555,470,88,52,361,70,11,856,83,94,20,.253,.322,.372,.694,.315,87.4,16.20,
97,삼성,05,26.13,1602,4975,4234,614,1134,178,6,111,1657,575,97,38,500,109,21,748,112,98,34,.268,.357,.391,.749,.341,105.5,26.13,
55,한화,05,28.62,1507,4841,4304,622,1163,211,9,159,1869,594,62,24,400,75,12,824,121,31,31,.270,.341,.434,.775,.351,111.6,28.62,
114,현대,05,24.55,1506,4899,4190,563,1071,168,16,134,1673,529,81,38,458,120,12,817,85,105,26,.256,.344,.399,.743,.336,102.2,24.55,
212,KIA,06,19.03,1544,4754,4181,476,1067,191,22,62,1488,431,93,43,390,55,20,650,90,102,26,.255,.325,.356,.681,.314,95.7,19.03,
251,LG,06,16.30,1612,4724,4217,457,1037,181,16,81,1493,430,84,33,330,52,19,813,86,92,32,.246,.306,.354,.661,.303,88.0,16.30,
131,SK,06,23.78,1583,4793,4177,509,1059,171,19,99,1565,488,117,47,424,63,19,859,84,96,33,.254,.329,.375,.704,.323,102.6,23.78,
214,두산,06,18.97,1640,4708,4147,455,1068,152,28,55,1441,425,132,57,368,83,14,635,102,81,27,.258,.328,.347,.676,.314,96.1,18.97,
222,롯데,06,18.22,1650,4766,4137,488,1034,173,3,88,1477,463,62,41,418,65,17,815,84,124,21,.250,.327,.357,.684,.314,96.1,18.22,
132,삼성,06,23.65,1646,4779,4091,538,1043,192,9,73,1472,505,121,52,477,79,14,689,107,90,42,.255,.341,.360,.701,.325,104.0,23.65,
118,한화,06,24.41,1596,4769,4170,511,1057,191,3,110,1584,481,65,28,442,59,13,800,120,68,30,.253,.331,.380,.711,.329,106.5,24.41,
91,현대,06,26.31,1627,4798,4092,547,1104,172,9,92,1570,518,71,47,444,77,17,628,108,153,32,.270,.350,.384,.734,.334,110.2,26.31,
238,KIA,07,17.21,1535,4811,4204,499,1080,198,16,73,1529,466,70,44,428,55,7,630,117,78,45,.257,.330,.364,.694,.322,94.0,17.21,
151,LG,07,22.60,1631,4933,4322,532,1160,186,19,78,1618,508,130,46,431,48,24,704,107,89,43,.268,.338,.374,.713,.328,98.3,22.60,
82,SK,07,26.77,1686,4881,4236,603,1118,212,20,112,1706,568,136,68,442,76,22,750,86,87,40,.264,.341,.403,.744,.340,106.9,26.77,
90,두산,07,26.33,1632,4856,4199,578,1103,209,32,78,1610,543,161,59,449,88,21,748,102,68,51,.263,.343,.383,.726,.335,103.3,26.33,
154,롯데,07,22.40,1600,4894,4273,533,1152,193,18,76,1609,501,67,46,405,73,34,763,87,104,39,.270,.340,.377,.717,.328,98.4,22.40,
177,삼성,07,20.97,1657,4895,4186,497,1062,191,9,86,1529,469,101,46,511,63,28,678,93,95,39,.254,.341,.365,.706,.326,97.0,20.97,
174,한화,07,21.23,1593,4805,4128,534,1050,165,13,104,1553,502,48,21,506,56,17,705,128,87,28,.254,.342,.376,.718,.332,101.0,21.23,
155,현대,07,22.29,1666,4920,4260,530,1154,178,7,96,1634,507,51,36,443,60,38,653,111,125,32,.271,.346,.384,.729,.332,101.2,22.29,
239,KIA,08,16.88,1572,4832,4210,503,1095,188,28,48,1483,465,131,65,453,48,14,642,97,85,35,.260,.336,.352,.689,.321,90.7,16.88,
284,LG,08,14.06,1538,4743,4184,468,1070,164,23,66,1478,447,111,45,364,59,6,765,90,85,50,.256,.321,.353,.674,.313,84.8,14.06,
36,SK,08,30.25,1588,5003,4332,632,1222,215,23,89,1750,591,170,83,491,62,15,735,99,80,38,.282,.361,.404,.765,.353,112.5,30.25,
66,두산,08,27.38,1678,4975,4344,647,1198,166,37,68,1642,598,189,63,472,78,23,719,115,36,44,.276,.354,.378,.732,.343,105.4,27.38,
43,롯데,08,29.70,1405,4890,4256,624,1200,199,22,93,1722,590,133,68,445,76,13,728,97,62,51,.282,.357,.405,.761,.352,111.9,29.70,
165,삼성,08,21.64,1650,4859,4180,557,1078,187,15,92,1571,520,59,37,505,65,15,699,115,70,38,.258,.344,.376,.720,.335,100.1,21.64,
133,한화,08,23.64,1630,4882,4275,592,1086,204,20,120,1690,566,97,25,463,57,17,770,100,52,35,.254,.333,.395,.728,.336,100.7,23.64,
229,히어로즈,08,17.87,1765,4834,4317,499,1149,190,19,70,1587,471,97,57,396,37,20,713,114,51,33,.266,.331,.368,.698,.325,93.5,17.87,
141,KIA,09,23.41,1689,5215,4455,706,1191,197,24,156,1904,671,113,52,579,66,26,890,111,74,41,.267,.357,.427,.785,.348,98.8,23.41,
162,LG,09,21.71,1656,5248,4505,670,1251,182,21,129,1862,627,141,47,552,49,28,781,124,97,45,.278,.360,.413,.773,.344,95.8,21.71,
46,SK,09,29.10,1705,5379,4574,732,1303,235,17,166,2070,693,181,68,552,84,16,892,103,128,40,.285,.369,.453,.822,.360,106.9,29.10,
101,두산,09,25.90,1670,5265,4591,722,1286,215,33,120,1927,669,129,50,522,86,21,849,128,26,40,.280,.362,.420,.781,.353,101.7,25.90,
180,롯데,09,20.62,1533,5053,4420,637,1223,252,15,121,1868,597,106,45,456,68,8,816,121,60,49,.277,.350,.423,.773,.345,96.5,20.62,
92,삼성,09,26.27,1648,5220,4459,685,1224,233,15,146,1925,650,125,50,584,67,23,789,108,67,43,.275,.364,.432,.796,.354,102.8,26.27,
138,한화,09,23.48,1700,5273,4620,657,1241,210,13,164,1969,629,69,20,498,81,16,1017,126,43,31,.269,.348,.426,.774,.346,97.3,23.48,
121,히어로즈,09,24.27,1633,5211,4486,683,1219,228,20,153,1946,650,192,67,547,63,22,905,116,64,48,.272,.356,.434,.789,.350,99.9,24.27,
203,KIA,10,19.55,1623,5166,4416,611,1148,190,17,106,1690,574,117,52,523,85,14,865,110,109,33,.260,.347,.383,.730,.332,93.4,19.55,
112,LG,10,24.72,1618,5270,4604,688,1270,223,17,121,1890,652,169,56,486,54,25,907,97,82,44,.276,.349,.411,.759,.342,100.2,24.72,
124,SK,10,24.01,1715,5213,4439,704,1217,222,16,120,1831,648,161,69,484,99,25,813,86,147,44,.274,.355,.412,.768,.342,100.2,24.01,
242,넥센,10,16.83,1680,5139,4452,570,1165,199,20,87,1665,539,135,56,480,68,16,874,119,95,43,.262,.340,.374,.714,.325,88.8,16.83,
18,두산,10,32.99,1701,5252,4538,731,1276,224,25,149,1997,706,128,61,533,89,27,834,97,54,38,.281,.365,.440,.805,.363,114.0,32.99,
22,롯데,10,32.54,1567,5261,4673,773,1345,220,16,185,2152,739,124,51,420,67,15,873,105,60,41,.288,.352,.461,.813,.362,113.4,32.54,
52,삼성,10,28.84,1678,5287,4436,681,1207,212,14,118,1801,630,158,55,621,75,29,916,111,111,44,.272,.368,.406,.774,.350,105.1,28.84,
296,한화,10,11.27,1751,5009,4321,543,1053,160,13,104,1551,508,121,70,497,80,10,943,106,75,33,.244,.331,.359,.690,.317,83.7,11.27,
48,KIA,11,29.09,1613,5129,4373,627,1177,204,15,106,1729,597,113,38,554,59,11,782,110,109,34,.269,.357,.395,.752,.346,107.5,29.09,
173,LG,11,21.25,1677,5158,4522,579,1203,192,15,94,1707,539,116,52,463,49,15,858,106,86,37,.266,.338,.377,.716,.331,97.0,21.25,
178,SK,11,20.88,1616,5124,4404,584,1157,204,18,100,1697,561,105,61,470,67,15,891,88,147,36,.263,.340,.385,.726,.331,97.0,20.88,
289,넥센,11,13.00,1645,4989,4343,512,1065,187,23,79,1535,472,99,55,460,51,16,992,94,103,32,.245,.323,.353,.676,.313,84.6,13.00,
60,두산,11,28.00,1602,5204,4498,614,1221,196,27,92,1747,578,130,57,513,81,17,799,118,73,39,.271,.354,.388,.742,.344,106.3,28.00,
14,롯데,11,33.92,1671,5234,4599,713,1324,226,30,111,1943,666,112,58,466,64,19,836,124,61,44,.288,.358,.422,.781,.359,115.8,33.92,
108,삼성,11,25.18,1689,5145,4437,625,1150,193,20,95,1668,585,158,51,522,69,23,940,97,73,43,.259,.343,.376,.719,.334,98.9,25.18,
223,한화,11,18.14,1754,5085,4367,568,1112,160,14,93,1579,536,100,76,488,74,14,906,93,130,25,.255,.338,.362,.700,.323,91.9,18.14,
126,KIA,12,23.96,1613,5131,4348,553,1112,197,19,54,1509,518,132,51,544,60,18,790,100,132,47,.256,.343,.347,.690,.321,98.1,23.96,
140,LG,12,23.42,1733,5180,4539,544,1184,212,18,59,1609,512,140,57,458,53,19,857,107,80,50,.261,.332,.354,.687,.321,97.7,23.42,
122,SK,12,24.08,1642,4996,4347,564,1120,197,15,108,1671,523,104,75,445,58,19,864,85,118,28,.258,.333,.384,.717,.330,103.9,24.08,
130,넥센,12,23.82,1626,5021,4338,549,1056,189,28,102,1607,509,179,72,476,72,17,892,79,92,43,.243,.325,.370,.696,.322,98.7,23.82,
181,두산,12,20.59,1645,4938,4379,524,1139,172,26,59,1540,490,116,51,362,54,12,659,129,102,40,.260,.322,.352,.673,.313,91.9,20.59,
170,롯데,12,21.38,1701,5043,4481,509,1179,202,16,73,1632,479,119,53,375,54,19,890,91,107,26,.263,.326,.364,.690,.319,96.5,21.38,
15,삼성,12,33.80,1668,5161,4436,628,1205,200,26,89,1724,585,125,48,500,86,19,813,91,91,47,.272,.353,.389,.742,.344,113.9,33.80,
156,한화,12,22.28,1769,5057,4331,509,1077,208,12,71,1522,479,107,53,538,61,17,907,102,100,27,.249,.338,.351,.690,.323,99.1,22.28,
150,KIA,13,22.70,1598,5051,4318,587,1125,195,13,88,1610,545,141,47,537,75,8,864,110,78,42,.261,.349,.373,.722,.337,96.9,22.70,
115,LG,13,24.48,1613,4934,4291,616,1210,194,38,59,1657,574,139,71,451,59,11,806,80,91,42,.282,.355,.386,.741,.343,100.9,24.48,
287,NC,13,13.35,1681,4866,4282,512,1045,209,25,86,1562,485,142,47,434,62,11,955,94,55,31,.244,.320,.365,.685,.319,84.3,13.35,
107,SK,13,25.40,1556,4950,4278,588,1134,189,20,124,1735,558,144,63,465,86,25,918,99,83,37,.265,.346,.406,.752,.344,101.7,25.40,
54,넥센,13,28.74,1581,5015,4294,646,1167,209,11,125,1773,607,131,65,505,98,12,912,94,76,42,.272,.358,.413,.771,.355,109.1,28.74,
13,두산,13,34.07,1649,5142,4401,699,1271,217,37,95,1847,654,172,61,524,79,19,717,105,82,56,.289,.370,.420,.790,.363,114.5,34.07,
202,롯데,13,19.58,1564,4978,4289,556,1118,208,18,61,1545,522,133,58,502,72,22,862,92,74,41,.261,.345,.360,.705,.330,91.9,19.58,
41,삼성,13,29.91,1616,5042,4370,669,1235,212,17,113,1820,624,95,41,453,93,9,818,98,84,41,.283,.359,.416,.776,.357,110.1,29.91,
246,한화,13,16.56,1645,4915,4271,480,1106,212,13,47,1485,448,70,49,479,80,11,933,140,54,30,.259,.343,.348,.690,.327,89.8,16.56,
201,KIA,14,19.71,1671,5023,4443,662,1279,246,27,121,1942,631,121,63,416,62,11,870,95,67,35,.288,.355,.437,.792,.351,95.8,19.71,
211,LG,14,19.05,1658,5070,4349,667,1214,213,22,90,1741,623,104,64,524,63,16,817,112,77,57,.279,.361,.400,.761,.343,95.6,19.05,
145,NC,14,23.06,1743,5031,4426,737,1249,228,36,143,1978,697,154,47,443,67,9,918,90,44,51,.282,.353,.447,.800,.354,97.6,23.06,
129,SK,14,23.83,1537,5082,4423,735,1285,245,22,115,1919,696,139,46,447,72,12,926,92,91,49,.291,.362,.434,.795,.353,99.5,23.83,
17,넥센,14,33.72,1573,5163,4434,841,1323,275,31,199,2257,786,100,44,523,101,10,849,100,65,40,.298,.382,.509,.891,.388,115.7,33.72,
81,두산,14,26.85,1585,5083,4427,687,1299,235,26,108,1910,646,111,44,468,64,10,731,103,81,43,.293,.366,.431,.798,.356,104.7,26.85,
136,롯데,14,23.49,1615,5194,4487,716,1289,252,26,121,1956,686,63,41,534,70,19,964,95,62,41,.287,.369,.436,.805,.359,100.1,23.49,
40,삼성,14,29.92,1590,5152,4464,812,1345,238,23,161,2112,763,161,46,507,62,11,743,88,76,43,.301,.377,.473,.850,.374,107.9,29.92,
254,한화,14,16.08,1589,5055,4417,619,1251,223,24,104,1834,594,70,41,490,55,5,839,125,50,43,.283,.359,.415,.774,.349,89.3,16.08,
312,KIA,15,5.51,2022,5454,4777,648,1197,223,22,136,1872,602,115,50,454,101,16,1126,105,79,43,.251,.326,.392,.718,.320,79.0,5.51,
268,LG,15,15.28,1988,5599,4941,653,1331,252,22,114,1969,601,113,62,462,80,18,1076,98,75,41,.269,.339,.399,.738,.330,92.1,15.28,
35,NC,15,30.27,1960,5727,4967,844,1437,283,28,161,2259,802,204,60,536,106,24,1023,105,64,53,.289,.367,.455,.822,.363,110.9,30.27,
213,SK,15,19.00,1845,5588,4861,693,1323,214,10,145,1992,656,94,59,490,98,13,1047,113,110,29,.272,.349,.410,.759,.338,95.4,19.00,
253,kt,15,16.15,1965,5605,4927,670,1344,221,15,129,1982,633,124,52,507,58,21,1112,118,75,37,.273,.345,.402,.748,.335,88.7,16.15,
28,넥센,15,31.63,1769,5811,5069,904,1512,304,20,203,2465,855,100,47,544,82,18,1098,112,61,55,.298,.372,.486,.858,.376,115.4,31.63,
29,두산,15,31.61,1704,5759,4957,807,1436,254,22,140,2154,770,111,47,567,99,24,820,139,75,60,.290,.370,.435,.804,.358,112.1,31.61,
163,롯데,15,21.70,1821,5680,4972,765,1393,254,19,177,2216,727,104,50,532,68,22,1186,136,80,28,.280,.356,.446,.802,.354,102.9,21.70,
16,삼성,15,33.76,1771,5803,5019,897,1515,259,25,176,2352,850,157,52,581,70,21,930,109,76,57,.302,.378,.469,.847,.373,115.3,33.76,
259,한화,15,15.68,1899,5713,4850,717,1316,218,19,130,1962,667,80,47,581,109,33,1133,112,139,35,.271,.360,.405,.764,.340,89.9,15.68,
169,KIA,16,21.40,1924,5696,4999,803,1429,264,28,170,2259,754,101,50,499,87,12,997,109,66,45,.286,.358,.452,.810,.360,99.6,21.40,
190,LG,16,20.29,1936,5765,5051,786,1464,238,26,118,2108,744,121,70,523,72,10,982,92,65,54,.290,.361,.417,.779,.352,98.0,20.29,
50,NC,16,28.87,1941,5833,5007,857,1457,249,19,169,2251,808,99,41,609,93,18,1023,133,70,52,.291,.375,.450,.824,.369,108.6,28.87,
192,SK,16,20.23,1834,5672,5023,753,1464,234,19,182,2282,715,89,60,429,102,13,1018,104,71,47,.291,.356,.454,.811,.359,100.1,20.23,
304,kt,16,9.51,1921,5620,4963,672,1369,214,11,116,1953,639,96,46,499,48,7,933,130,65,45,.276,.345,.394,.738,.336,83.6,9.51,
139,넥센,16,23.47,1780,5702,4990,813,1464,254,39,134,2198,765,154,83,556,63,17,956,121,34,59,.293,.368,.440,.808,.364,100.8,23.47,
11,두산,16,34.81,1812,5841,5044,935,1504,284,25,183,2387,877,85,45,600,86,11,884,121,43,68,.298,.378,.473,.851,.379,116.8,34.81,
168,롯데,16,21.46,1840,5784,5001,777,1439,252,20,127,2112,732,145,64,596,83,18,1061,120,62,41,.288,.370,.422,.793,.359,100.4,21.46,
158,삼성,16,22.21,1808,5863,5093,852,1492,249,34,142,2235,792,104,50,552,75,15,864,119,88,55,.293,.367,.439,.806,.360,100.1,22.21,
233,한화,16,17.49,1888,5838,5109,826,1478,242,27,142,2200,787,64,38,510,91,19,1025,123,87,41,.289,.362,.431,.792,.355,95.6,17.49,
31,KIA,17,31.23,1933,5841,5142,906,1554,292,29,170,2414,868,76,34,499,89,19,891,118,55,56,.302,.370,.469,.840,.367,113.1,31.23,
258,LG,17,15.86,1896,5614,4944,699,1390,216,20,110,1976,664,77,56,438,101,17,1021,123,76,55,.281,.348,.400,.748,.333,93.0,15.86,
89,NC,17,26.42,1987,5790,5079,786,1489,277,19,149,2251,739,93,32,471,130,19,979,119,62,48,.293,.365,.443,.808,.356,106.6,26.42,
193,SK,17,20.13,1772,5564,4925,761,1337,222,15,234,2291,733,53,42,427,113,20,1100,97,57,41,.271,.341,.465,.806,.349,99.3,20.13,
302,kt,17,9.68,1864,5484,4936,655,1360,274,17,119,2025,625,86,51,374,66,11,1017,118,62,45,.276,.332,.410,.742,.328,84.3,9.68,
137,넥센,17,23.49,1813,5712,5098,789,1479,267,30,141,2229,748,70,34,468,83,15,1066,129,21,42,.290,.357,.437,.794,.353,103.0,23.49,
12,두산,17,34.75,1825,5833,5102,849,1499,270,20,178,2343,812,69,33,541,95,19,960,120,48,47,.294,.369,.459,.828,.364,116.5,34.75,
195,롯데,17,19.89,1844,5671,4994,743,1425,250,17,151,2162,697,92,44,457,112,33,1018,146,76,32,.285,.356,.433,.789,.347,98.1,19.89,
244,삼성,17,16.82,1786,5707,5095,757,1419,255,36,145,2181,703,98,37,429,70,17,983,97,58,55,.279,.340,.428,.768,.337,92.7,16.82,
234,한화,17,17.46,1787,5665,5030,737,1445,261,16,150,2188,684,64,44,416,94,15,974,112,85,38,.287,.351,.435,.786,.344,96.8,17.46,
78,KIA,18,26.96,1918,5744,5036,865,1487,258,22,170,2299,823,88,37,503,99,27,905,135,56,50,.295,.367,.457,.824,.357,107.2,26.96,
269,KT,18,15.12,1822,5605,5026,757,1382,264,13,206,2290,721,80,57,464,46,14,1109,103,43,26,.275,.340,.456,.796,.343,94.2,15.12,
143,LG,18,23.14,1789,5665,5070,788,1487,299,12,148,2254,740,71,38,418,75,14,1001,125,51,51,.293,.353,.445,.797,.347,102.5,23.14,
303,NC,18,9.66,1938,5488,4895,660,1280,233,18,143,1978,629,82,35,427,88,15,1081,115,35,43,.261,.329,.404,.733,.322,83.6,9.66,
127,SK,18,23.89,1773,5682,4992,829,1403,234,13,233,2362,791,108,39,483,119,6,1079,103,54,34,.281,.356,.473,.829,.357,103.8,23.89,
134,넥센,18,23.60,1757,5780,5141,825,1481,288,19,165,2302,787,101,33,472,85,25,1208,93,32,50,.288,.355,.448,.802,.349,101.3,23.60,
7,두산,18,37.57,1837,5870,5176,944,1601,284,30,191,2518,898,96,23,496,92,16,1016,112,43,63,.309,.376,.486,.862,.372,119.8,37.57,
116,롯데,18,24.47,1910,5764,5130,821,1484,289,17,203,2416,792,68,32,471,81,22,1157,124,45,37,.289,.356,.471,.827,.356,103.9,24.47,
198,삼성,18,19.89,1717,5766,5109,776,1471,241,29,146,2208,732,116,52,468,87,14,1034,115,57,45,.288,.355,.432,.787,.344,96.6,19.89,
294,한화,18,12.22,1764,5539,4972,729,1369,249,14,151,2099,668,118,64,420,88,17,1098,113,31,28,.275,.341,.422,.763,.335,89.1,12.22,
237,KIA,19,17.26,1807,5505,4874,605,1286,248,19,76,1800,566,87,42,496,59,13,919,108,31,45,.264,.336,.369,.706,.328,95.1,17.26,
147,KT,19,22.89,1887,5579,4962,650,1374,186,20,103,1909,615,104,44,476,51,15,974,113,45,45,.277,.344,.385,.728,.336,102.1,22.89,
159,LG,19,22.13,1825,5536,4928,641,1316,233,15,94,1861,604,108,47,434,77,17,962,117,49,48,.267,.333,.378,.711,.327,99.0,22.13,
103,NC,19,25.80,1783,5631,4968,674,1383,249,26,128,2068,639,86,45,456,83,14,880,126,64,60,.278,.345,.416,.762,.346,106.6,25.80,
208,SK,19,19.36,1731,5542,4919,655,1290,218,14,117,1887,622,118,50,462,87,20,966,92,35,38,.262,.334,.384,.718,.331,97.4,19.36,
56,두산,19,28.28,1738,5669,4912,736,1364,235,31,84,1913,692,102,38,562,73,16,799,117,39,83,.278,.355,.389,.745,.344,109.9,28.28,
298,롯데,19,10.91,1821,5488,4919,578,1231,214,22,90,1759,545,62,31,430,64,12,1085,108,35,40,.250,.316,.358,.674,.312,85.8,10.91,
235,삼성,19,17.45,1652,5533,4866,622,1245,230,26,122,1893,598,107,42,478,78,15,976,107,58,53,.256,.329,.389,.718,.328,94.7,17.45,
19,키움,19,32.83,1637,5658,4991,780,1405,252,37,112,2067,741,110,33,514,69,13,943,122,36,48,.282,.354,.414,.768,.352,114.2,32.83,
273,한화,19,15.02,1738,5482,4882,607,1249,223,16,88,1768,562,105,51,441,70,12,1090,112,44,45,.256,.324,.362,.686,.317,92.0,15.02,
219,KIA,20,18.50,1807,5637,4933,724,1353,224,13,130,1993,692,47,25,534,69,10,957,113,63,38,.274,.351,.404,.755,.343,98.0,18.50,
83,KT,20,26.74,2002,5762,5047,813,1432,238,21,163,2201,767,106,50,554,52,20,1097,104,64,45,.284,.358,.436,.794,.356,106.7,26.74,
67,LG,20,27.33,1985,5681,4999,802,1384,253,29,149,2142,760,83,39,509,75,21,969,115,49,49,.277,.349,.428,.778,.350,108.9,27.33,
21,NC,20,32.64,1979,5833,5102,888,1483,258,28,187,2358,845,101,38,529,104,21,997,106,46,51,.291,.366,.462,.828,.370,113.9,32.64,
300,SK,20,10.19,1897,5502,4839,634,1212,177,17,143,1852,595,81,45,511,69,18,981,112,49,34,.250,.329,.383,.711,.324,84.9,10.19,
30,두산,20,31.43,1894,5773,5043,816,1476,263,20,125,2154,776,88,37,552,67,20,796,132,38,73,.293,.365,.427,.792,.359,114.2,31.43,
185,롯데,20,20.55,1745,5669,4958,750,1366,252,6,131,2023,711,90,31,569,55,18,875,148,39,48,.276,.354,.408,.762,.347,99.5,20.55,
260,삼성,20,15.68,1865,5574,4923,699,1317,211,12,129,1939,658,132,49,486,62,10,990,117,50,53,.268,.338,.394,.732,.333,90.5,15.68,
80,키움,20,26.87,1767,5721,4945,759,1332,254,25,127,2017,713,113,26,608,73,16,1030,107,43,52,.269,.355,.408,.762,.347,104.9,26.87,
313,한화,20,4.87,1887,5483,4862,551,1189,195,12,79,1645,523,51,36,462,89,9,1163,119,45,25,.245,.320,.338,.658,.306,77.0,4.87,
209,MBC,82,19.33,952,3061,2686,419,757,124,12,65,1100,381,134,60,268,47,20,316,56,32,27,.282,.354,.410,.764,.346,109.5,19.33,
227,OB,82,17.97,930,3098,2745,399,778,137,23,57,1132,362,106,61,247,41,22,254,35,46,18,.283,.349,.412,.762,.343,107.6,17.97,
293,롯데,82,12.47,863,3062,2628,353,674,112,8,59,979,325,83,53,326,40,8,315,61,41,27,.256,.344,.373,.717,.329,98.7,12.47,
311,삼미,82,6.11,867,2954,2653,302,637,117,20,40,914,272,74,43,221,29,3,369,44,33,17,.240,.304,.345,.648,.298,79.0,6.11,
217,삼성,82,18.61,887,3043,2647,429,705,126,18,57,1038,374,147,42,307,30,2,349,50,36,18,.266,.347,.392,.739,.338,104.3,18.61,
267,해태,82,15.32,873,2990,2665,374,696,110,14,84,1086,332,155,52,235,41,12,296,59,28,21,.261,.328,.408,.736,.332,100.6,15.32,
230,MBC,83,17.73,1149,3715,3273,405,837,145,21,45,1159,367,128,67,281,60,8,368,58,70,30,.256,.323,.354,.677,.312,96.2,17.73,
243,OB,83,16.82,1156,3766,3330,418,863,142,26,50,1207,378,60,45,279,50,11,352,63,89,18,.259,.324,.362,.687,.314,97.8,16.82,
250,롯데,83,16.34,1238,3740,3308,370,807,133,18,78,1210,342,76,61,308,39,2,423,71,58,24,.244,.314,.366,.680,.313,97.0,16.34,
282,삼미,83,14.26,1046,3738,3317,345,814,113,14,62,1141,315,35,41,282,47,16,404,76,73,18,.245,.312,.344,.656,.302,89.4,14.26,
142,삼성,83,23.31,1249,3847,3383,448,889,143,14,90,1330,421,70,42,314,55,9,427,62,66,27,.263,.333,.393,.726,.332,110.3,23.31,
187,해태,83,20.47,1124,3734,3340,423,892,130,15,78,1286,388,131,91,294,40,16,382,75,37,23,.267,.332,.385,.717,.330,109.3,20.47,
263,MBC,84,15.50,1227,3754,3317,375,840,127,35,47,1178,341,99,68,314,40,14,446,62,47,35,.253,.322,.355,.677,.314,95.6,15.50,
232,OB,84,17.56,1310,3660,3181,382,816,133,18,53,1144,362,111,62,339,43,17,367,66,62,34,.257,.333,.360,.693,.320,100.3,17.56,
205,롯데,84,19.45,1208,3729,3267,405,840,139,20,71,1232,374,108,65,326,48,17,446,58,56,28,.257,.331,.377,.708,.326,104.6,19.45,
288,삼미,84,13.18,1103,3773,3319,334,788,134,14,58,1124,301,42,29,332,34,11,473,73,75,12,.237,.312,.339,.651,.302,87.5,13.18,
123,삼성,84,24.07,1262,3756,3298,435,889,147,18,78,1306,413,75,61,313,63,18,422,62,62,18,.270,.343,.396,.739,.339,113.9,24.07,
255,해태,84,16.06,1081,3728,3321,369,822,143,10,76,1213,343,87,52,313,33,8,496,87,39,21,.248,.317,.365,.682,.317,98.1,16.06,
306,MBC,85,9.16,1324,4069,3624,345,892,127,19,37,1168,317,129,73,324,39,16,452,65,54,27,.246,.313,.322,.635,.297,79.1,9.16,
184,OB,85,20.55,1575,4189,3667,473,954,146,27,67,1355,432,107,76,354,50,19,442,54,87,31,.260,.331,.370,.701,.322,97.4,20.55,
224,롯데,85,18.04,1334,4138,3598,426,920,168,19,77,1357,399,79,58,352,47,11,445,78,106,34,.256,.327,.377,.704,.321,97.0,18.04,
196,삼미/청보,85,19.89,1314,4165,3648,416,920,158,9,73,1315,376,70,48,378,44,4,457,95,71,22,.252,.328,.360,.688,.320,96.3,19.89,
38,삼성,85,29.97,1513,4250,3644,552,1005,181,22,97,1521,514,116,85,408,61,15,465,74,93,42,.276,.355,.417,.772,.351,117.9,29.97,
111,해태,85,24.80,1317,4186,3709,483,1009,160,13,99,1492,437,130,77,348,33,5,386,85,60,32,.272,.337,.402,.740,.340,110.3,24.80,
172,MBC,86,21.34,1384,4138,3644,434,964,152,29,37,1285,398,116,59,315,55,15,428,65,89,35,.265,.330,.353,.682,.318,103.0,21.34,
276,OB,86,14.86,1378,4044,3531,369,880,114,31,38,1170,350,78,69,336,39,13,394,71,104,29,.249,.319,.331,.650,.303,91.8,14.86,
277,롯데,86,14.79,1435,4089,3603,373,894,140,28,37,1201,332,89,51,342,24,16,357,81,100,19,.248,.316,.333,.649,.303,91.6,14.79,
275,빙그레,86,14.92,1409,4004,3453,333,815,122,23,46,1121,313,79,85,420,30,3,494,81,84,17,.236,.323,.325,.647,.307,94.7,14.92,
33,삼성,86,30.54,1527,4119,3617,475,997,177,22,74,1440,442,110,67,354,48,13,465,76,68,31,.276,.345,.398,.744,.346,123.2,30.54,
307,청보,86,8.87,1491,3926,3449,318,755,138,10,66,1111,322,47,52,327,42,10,518,86,86,22,.219,.293,.322,.615,.289,81.9,8.87,
120,해태,86,24.28,1271,4044,3582,474,929,136,18,99,1398,443,120,78,321,39,16,406,82,76,23,.259,.325,.390,.715,.332,113.0,24.28,
290,MBC,87,12.78,1384,4019,3566,388,919,117,38,36,1220,359,91,54,296,43,14,353,80,85,28,.258,.320,.342,.662,.310,86.6,12.78,
272,OB,87,15.05,1406,4010,3548,415,927,123,34,30,1208,391,72,49,342,24,7,369,88,70,25,.261,.328,.340,.669,.316,91.0,15.05,
188,롯데,87,20.38,1327,4155,3625,432,970,161,27,40,1305,400,99,50,390,34,20,330,102,86,20,.268,.343,.360,.703,.329,100.6,20.38,
215,빙그레,87,18.87,1353,4054,3547,410,972,144,22,48,1304,370,79,85,326,53,11,423,84,104,23,.274,.342,.368,.710,.330,101.6,18.87,
6,삼성,87,37.97,1321,4218,3731,583,1120,164,29,105,1657,548,101,51,380,40,15,448,88,26,40,.300,.368,.444,.812,.378,135.1,37.97,
280,청보,87,14.32,1496,4026,3499,401,848,152,14,54,1190,372,127,80,400,27,7,502,79,82,17,.242,.323,.340,.664,.313,89.5,14.32,
261,해태,87,15.61,1284,4085,3609,393,910,151,12,71,1298,368,90,44,335,44,19,379,96,68,26,.252,.321,.360,.681,.318,93.0,15.61,
278,MBC,88,14.69,1298,4101,3652,408,951,132,27,42,1263,373,118,61,321,34,16,384,72,70,23,.260,.324,.346,.670,.310,88.0,14.69,
281,OB,88,14.27,1448,4043,3583,418,923,145,25,44,1250,387,87,39,321,28,13,374,91,78,31,.258,.321,.349,.670,.308,87.0,14.27,
200,롯데,88,19.71,1366,4095,3578,482,967,142,18,68,1349,446,127,64,347,40,16,333,81,104,24,.270,.339,.377,.717,.327,99.7,19.71,
175,빙그레,88,21.05,1423,4103,3616,506,961,177,21,73,1399,465,83,51,332,52,7,464,78,70,32,.266,.334,.387,.721,.330,102.1,21.05,
95,삼성,88,26.25,1402,4192,3692,516,1028,148,21,85,1473,486,110,62,381,42,13,493,74,53,24,.278,.351,.399,.750,.345,112.4,26.25,
264,태평양,88,15.45,1360,3961,3481,387,908,156,21,58,1280,360,82,63,339,23,21,402,88,95,24,.261,.328,.368,.696,.317,93.3,15.45,
62,해태,88,27.85,1313,4060,3561,503,1009,134,14,112,1507,466,136,58,343,44,11,374,95,77,33,.283,.351,.423,.774,.351,116.5,27.85,
216,MBC,89,18.76,1569,4550,3912,490,985,139,36,42,1322,458,172,94,470,40,14,489,89,85,42,.252,.335,.338,.673,.319,93.9,18.76,
279,OB,89,14.67,1608,4482,3935,447,970,165,28,42,1317,416,135,73,389,42,16,559,65,82,32,.247,.319,.335,.653,.309,86.7,14.67,
265,롯데,89,15.39,1650,4612,3939,419,974,155,23,38,1289,383,100,74,519,29,19,520,89,98,27,.247,.337,.327,.664,.316,92.1,15.39,
24,빙그레,89,32.40,1727,4633,4064,595,1121,208,26,97,1672,549,122,60,412,48,23,544,74,64,45,.276,.346,.411,.757,.352,116.2,32.40,
53,삼성,89,28.76,1554,4571,4024,580,1095,174,20,96,1597,540,160,76,397,45,11,616,78,56,47,.272,.341,.397,.737,.345,111.8,28.76,
197,태평양,89,19.89,1700,4469,3817,477,943,178,25,48,1315,428,167,80,482,39,25,545,74,98,33,.247,.335,.345,.679,.320,94.5,19.89,
148,해태,89,22.88,1492,4564,3963,500,1011,142,9,90,1441,472,111,74,470,48,26,508,111,57,26,.255,.339,.364,.703,.333,103.4,22.88,
96,LG,90,26.24,1607,4661,4024,578,1089,156,40,61,1508,528,140,101,465,65,24,450,82,56,50,.271,.352,.375,.726,.341,106.7,26.24,
308,OB,90,8.39,1574,4471,3902,404,901,153,22,62,1284,380,83,66,425,38,17,562,77,66,40,.231,.310,.329,.639,.301,79.2,8.39,
271,롯데,90,15.11,1523,4522,3858,453,946,163,30,41,1292,417,125,64,464,48,12,501,91,119,31,.245,.331,.335,.666,.313,87.5,15.11,
20,빙그레,90,32.77,1655,4625,3971,610,1074,174,24,112,1632,560,138,66,495,47,18,617,83,70,42,.270,.355,.411,.766,.355,115.7,32.77,
71,삼성,90,27.23,1453,4551,3961,593,1040,170,13,131,1629,555,108,54,434,52,12,532,91,68,31,.263,.341,.411,.752,.348,110.9,27.23,
241,태평양,90,16.85,1632,4494,3898,485,961,176,25,47,1328,444,133,84,443,43,16,534,93,84,24,.247,.328,.341,.669,.315,88.8,16.85,
72,해태,90,27.23,1396,4595,3952,538,1066,177,23,87,1550,501,101,66,466,53,28,544,100,95,29,.270,.352,.392,.744,.345,109.2,27.23,
295,LG,91,11.64,1701,4680,4131,472,1009,158,41,53,1408,430,110,99,400,52,18,475,118,67,29,.244,.317,.341,.658,.306,83.6,11.64,
274,OB,91,14.99,1649,4791,4220,501,1054,169,39,59,1478,458,136,78,418,40,23,648,84,91,22,.250,.322,.350,.672,.310,86.7,14.99,
166,롯데,91,21.59,1750,4821,4128,583,1072,177,46,73,1560,533,97,57,457,61,30,515,78,122,47,.260,.339,.378,.717,.325,97.5,21.59,
10,빙그레,91,35.10,1723,4870,4221,644,1155,181,43,136,1830,607,121,63,485,51,22,704,92,84,29,.274,.353,.434,.787,.356,118.7,35.10,
44,삼성,91,29.69,1706,4875,4182,639,1138,180,25,108,1692,593,126,82,510,59,28,546,106,85,37,.272,.357,.405,.761,.348,112.5,29.69,
113,쌍방울,91,24.67,1552,4734,4114,554,1041,198,30,87,1560,505,130,87,475,66,12,726,93,46,33,.253,.338,.379,.717,.333,102.4,24.67,
292,태평양,91,12.58,1598,4680,4102,426,976,208,25,51,1387,395,143,73,423,43,25,598,80,85,27,.238,.314,.338,.652,.301,81.0,12.58,
27,해태,91,31.76,1450,4843,4135,618,1069,171,29,144,1730,594,152,77,516,83,12,588,102,74,35,.259,.350,.418,.768,.351,114.9,31.76,
236,LG,92,17.37,1592,4841,4261,572,1094,172,24,108,1638,539,89,55,439,46,21,570,111,64,31,.257,.331,.384,.715,.325,91.7,17.37,
225,OB,92,18.03,1673,4833,4225,547,1096,172,31,110,1660,511,96,58,439,37,19,645,98,96,32,.259,.332,.393,.725,.326,92.4,18.03,
34,롯데,92,30.33,1616,4904,4205,663,1213,211,62,68,1752,619,130,55,483,59,14,542,90,103,53,.288,.366,.417,.782,.352,110.0,30.33,
45,빙그레,92,29.36,1662,4865,4197,658,1120,191,29,146,1807,620,104,59,511,58,29,660,96,54,45,.267,.351,.431,.782,.351,109.5,29.36,
88,삼성,92,26.53,1719,4921,4250,633,1128,169,23,124,1715,585,127,61,494,73,21,620,95,58,44,.265,.349,.404,.752,.342,103.2,26.53,
231,쌍방울,92,17.73,1604,4766,4081,508,1015,167,29,90,1510,459,89,53,528,54,24,748,138,77,21,.249,.341,.370,.711,.325,92.3,17.73,
247,태평양,92,16.47,1587,4745,4143,518,1061,204,25,87,1576,464,72,49,406,48,11,620,94,117,21,.256,.328,.380,.709,.319,87.9,16.47,
23,해태,92,32.47,1525,4903,4183,701,1139,191,16,138,1776,658,134,57,559,70,14,656,114,54,37,.272,.365,.425,.789,.359,114.5,32.47,
104,LG,93,25.55,1645,4730,4182,496,1069,176,32,74,1531,463,117,62,376,55,17,594,95,91,26,.256,.323,.366,.689,.320,106.0,25.55,
128,OB,93,23.87,1672,4740,4131,473,1066,176,34,59,1487,442,86,49,403,48,16,611,104,118,39,.258,.328,.360,.688,.318,104.5,23.87,
210,롯데,93,19.11,1604,4675,4077,452,1013,160,38,29,1336,422,174,79,389,53,10,563,75,114,41,.248,.319,.328,.647,.301,92.5,19.11,
171,빙그레,93,21.34,1671,4715,4119,454,982,180,13,81,1431,427,96,50,433,54,16,743,94,73,35,.238,.317,.347,.664,.311,99.2,21.34,
2,삼성,93,38.88,1667,4999,4369,613,1169,169,22,133,1781,592,102,73,465,66,13,662,105,53,38,.268,.344,.408,.752,.349,127.0,38.88,
301,쌍방울,93,10.15,1541,4546,4005,366,903,138,14,46,1207,342,117,80,392,53,12,733,88,74,21,.225,.302,.301,.603,.286,81.0,10.15,
299,태평양,93,10.57,1435,4532,4025,342,913,169,15,35,1217,314,80,50,343,39,17,776,100,104,21,.227,.293,.302,.595,.278,75.3,10.57,
37,해태,93,30.00,1496,4711,4102,513,1030,169,12,95,1508,465,161,73,452,48,6,606,107,71,31,.251,.330,.368,.698,.326,110.3,30.00,
3,LG,94,38.57,1541,4886,4265,655,1204,205,36,88,1745,612,143,61,455,70,18,573,83,54,41,.282,.358,.409,.767,.352,123.6,38.57,
257,OB,94,15.99,1610,4656,4113,477,1013,159,18,75,1433,459,81,54,364,53,15,712,76,93,33,.246,.313,.348,.662,.304,89.0,15.99,
183,롯데,94,20.55,1498,4710,4175,489,1072,180,33,58,1492,457,175,88,378,52,19,672,80,57,48,.257,.323,.357,.680,.313,96.3,20.55,
74,삼성,94,27.19,1678,4801,4161,541,1081,165,22,106,1608,510,120,67,458,64,21,650,95,79,39,.260,.340,.386,.726,.332,108.9,27.19,
228,쌍방울,94,17.92,1718,4690,4142,494,1027,160,20,87,1488,455,151,68,378,45,19,622,86,100,23,.248,.316,.359,.675,.308,92.5,17.92,
220,태평양,94,18.49,1560,4636,4047,485,988,179,18,91,1476,453,66,64,385,53,16,750,86,126,25,.244,.316,.365,.681,.309,93.1,18.49,
248,한화,94,16.46,1673,4691,4063,482,1002,166,15,68,1402,444,94,66,416,63,19,696,97,113,36,.247,.324,.345,.669,.307,91.5,16.46,
86,해태,94,26.55,1460,4757,4254,563,1153,183,17,93,1649,534,164,59,332,44,20,583,75,87,37,.271,.328,.388,.715,.325,104.0,26.55,
99,LG,95,26.04,1627,4752,4137,527,1064,170,34,79,1539,472,121,50,421,76,20,621,90,73,45,.257,.334,.372,.706,.321,105.7,26.04,
42,OB,95,29.74,1580,4853,4342,629,1154,203,28,106,1731,585,121,57,357,52,16,741,99,62,40,.266,.326,.399,.725,.327,110.5,29.74,
69,롯데,95,27.29,1606,4830,4197,590,1071,158,51,65,1526,552,220,73,447,71,22,726,74,56,59,.255,.333,.364,.696,.318,103.4,27.29,
144,삼성,95,23.08,1808,4752,4188,558,1047,199,20,94,1568,516,100,44,384,92,21,723,77,55,32,.250,.324,.374,.699,.318,103.7,23.08,
182,쌍방울,95,20.57,1575,4708,4154,476,1054,165,21,83,1510,438,131,70,381,37,25,600,75,103,33,.254,.320,.364,.683,.308,96.5,20.57,
256,태평양,95,16.06,1578,4657,4119,467,965,170,20,82,1421,436,93,48,389,46,15,754,90,67,35,.234,.305,.345,.650,.297,88.7,16.06,
146,한화,95,22.98,1727,4755,4161,510,1037,205,25,96,1580,477,97,65,403,63,22,747,80,100,28,.249,.323,.380,.703,.316,102.3,22.98,
249,해태,95,16.45,1528,4638,4095,431,989,154,22,75,1412,397,130,43,341,77,20,675,94,86,35,.242,.309,.345,.654,.297,89.2,16.45,
157,LG,96,22.28,1639,4856,4203,506,1036,164,18,98,1530,499,95,57,441,94,31,612,84,92,26,.246,.330,.364,.694,.317,100.1,22.28,
283,OB,96,14.21,1444,4653,4163,446,1008,178,23,82,1478,410,78,53,327,59,26,721,98,75,29,.242,.305,.355,.660,.301,88.1,14.21,
39,롯데,96,29.94,1607,4812,4244,566,1161,214,38,72,1667,543,139,61,398,50,23,692,94,82,38,.274,.340,.393,.733,.333,110.8,29.94,
135,삼성,96,23.56,1725,4732,4136,510,1029,191,23,88,1530,478,135,78,423,76,19,807,77,56,37,.249,.327,.370,.697,.320,102.1,23.56,
125,쌍방울,96,23.97,1569,4805,4111,545,1085,192,33,58,1517,489,85,59,427,70,34,690,89,143,47,.264,.340,.369,.709,.319,101.2,23.97,
160,한화,96,21.99,1747,4747,4081,522,1000,203,23,90,1519,499,95,72,432,80,17,836,92,123,30,.245,.327,.372,.699,.317,99.9,21.99,
98,해태,96,26.12,1565,4803,4168,515,1022,191,18,92,1525,510,170,54,463,72,31,701,83,71,29,.245,.329,.366,.695,.319,101.0,26.12,
194,현대,96,20.09,1717,4729,4127,493,1001,171,21,106,1532,462,112,90,396,72,35,747,66,104,30,.243,.318,.371,.689,.311,96.0,20.09,
70,LG,97,27.28,1472,4821,4153,590,1109,220,29,83,1636,549,137,53,422,90,24,601,82,97,57,.267,.343,.394,.737,.330,104.2,27.28,
199,OB,97,19.84,1634,4767,4215,511,1070,159,21,84,1523,481,143,53,382,69,19,717,96,70,31,.254,.324,.361,.685,.311,91.1,19.84,
305,롯데,97,9.38,1623,4599,4066,434,962,176,20,75,1403,411,110,69,359,56,16,801,89,88,29,.237,.305,.345,.650,.294,80.0,9.38,
1,삼성,97,38.92,1511,4976,4305,722,1194,254,24,165,1991,669,137,80,456,90,43,804,67,88,32,.277,.356,.462,.819,.359,124.0,38.92,
64,쌍방울,97,27.61,1729,4781,4057,602,1090,201,30,110,1681,565,81,60,490,51,37,693,99,139,44,.269,.351,.414,.766,.337,109.1,27.61,
221,한화,97,18.23,1682,4690,4077,481,1032,180,18,102,1554,445,98,74,381,71,20,779,88,128,33,.253,.325,.381,.707,.314,93.6,18.23,
63,해태,97,27.63,1562,4825,4183,616,1081,208,9,133,1706,578,148,62,466,67,48,722,102,78,30,.258,.340,.408,.748,.333,106.3,27.63,
262,현대,97,15.53,1742,4680,4032,497,994,179,19,82,1457,459,112,78,424,72,33,720,92,122,28,.247,.327,.361,.688,.308,89.2,15.53,
73,LG,98,27.20,1522,4840,4243,609,1131,229,21,100,1702,567,99,47,417,68,17,699,94,77,35,.267,.339,.401,.740,.329,104.9,27.20,
207,OB,98,19.40,1480,4717,4223,520,1080,174,28,102,1616,479,123,50,338,56,17,713,87,65,34,.256,.317,.383,.700,.311,91.9,19.40,
206,롯데,98,19.44,1592,4781,4188,536,1070,200,33,86,1594,500,76,54,403,68,24,829,76,89,32,.255,.329,.381,.709,.315,94.9,19.44,
57,삼성,98,28.20,1542,4918,4263,620,1143,211,20,143,1823,576,117,61,446,80,48,822,103,90,38,.268,.346,.428,.773,.338,110.7,28.20,
149,쌍방울,98,22.82,1531,4773,4170,536,1089,176,31,101,1630,499,93,46,440,33,32,758,94,95,34,.261,.334,.391,.725,.320,98.3,22.82,
226,한화,98,18.01,1656,4693,4162,503,1042,201,10,123,1632,472,94,59,339,72,23,784,94,99,21,.250,.316,.392,.708,.312,92.9,18.01,
245,해태,98,16.74,1490,4678,4129,489,1067,188,8,94,1553,467,58,26,367,57,25,669,125,92,33,.258,.325,.376,.701,.311,92.4,16.74,
32,현대,98,30.89,1620,4779,4161,633,1123,216,21,142,1807,587,134,85,413,74,16,820,69,91,38,.270,.344,.434,.778,.341,113.2,30.89,
94,LG,99,26.26,1578,5180,4574,744,1287,218,40,145,2020,700,99,32,428,78,16,772,91,57,43,.281,.350,.442,.792,.345,100.4,26.26,
87,두산,99,26.54,1655,5229,4587,721,1305,218,31,141,2008,693,136,44,478,49,21,693,126,74,41,.285,.355,.438,.793,.346,100.8,26.54,
59,롯데,99,28.06,1708,5186,4498,753,1309,261,34,145,2073,709,98,68,465,72,16,815,93,99,52,.291,.363,.461,.824,.355,106.9,28.06,
77,삼성,99,26.99,1594,5254,4555,748,1244,202,14,207,2095,712,140,47,483,96,24,964,90,79,41,.273,.352,.460,.812,.350,103.3,26.99,
310,쌍방울,99,7.43,1639,5054,4462,523,1108,177,28,86,1599,496,126,51,418,64,8,908,68,76,33,.248,.320,.358,.678,.303,71.9,7.43,
47,한화,99,29.09,1713,5089,4479,731,1268,253,29,197,2170,687,128,70,432,77,14,847,107,59,42,.283,.353,.484,.838,.360,109.6,29.09,
49,해태,99,29.08,1591,5256,4549,765,1264,206,12,210,2124,723,98,48,555,58,13,871,105,68,26,.278,.362,.467,.829,.359,109.4,29.08,
186,현대,99,20.52,1639,5260,4456,699,1210,187,18,143,1862,652,109,65,537,98,22,780,88,127,42,.272,.359,.418,.777,.339,96.2,20.52,
